race_date,venue_code,race_number,race_wind,race_wind_direction_number,race_wave,race_weather_number,race_temperature,race_water_temperature,race_technique_number,win_payout,place_payout_max,exacta_payout,quinella_payout,trifecta_payout,trio_payout,winner_boat_number,winner_racer_number,race_grade_number,race_title,race_subtitle,race_distance
20251228,01,1,4.0,2.0,3.0,1.0,9.0,7.0,4.0,1200,880,27450,3920,83220,4800,6,3948,5,第4回ドラキリュウナイトカップ,予選,1800
20251228,01,2,3.0,2.0,2.0,1.0,9.0,7.0,3.0,200,160,810,380,1810,610,2,4538,5,第4回ドラキリュウナイトカップ,予選,1800
20251228,01,3,0.0,17.0,0.0,1.0,8.0,7.0,3.0,400,1830,1140,1230,2920,1230,5,4496,5,第4回ドラキリュウナイトカップ,予選,1800
20251228,01,4,2.0,10.0,1.0,1.0,8.0,7.0,1.0,230,260,560,520,2230,650,1,4818,5,第4回ドラキリュウナイトカップ,予選,1800
20251228,01,5,1.0,10.0,1.0,1.0,7.0,7.0,1.0,180,130,340,120,1320,440,1,3681,5,第4回ドラキリュウナイトカップ,予選,1800
20251228,01,6,2.0,8.0,1.0,1.0,6.0,7.0,1.0,110,210,310,300,570,330,1,4460,5,第4回ドラキリュウナイトカップ,ドラドキ目玉,1800
20251228,01,7,1.0,8.0,1.0,1.0,5.0,7.0,1.0,130,330,330,380,6810,2710,1,4906,5,第4回ドラキリュウナイトカップ,ドラドキ3,1800
20251228,01,8,0.0,17.0,0.0,1.0,4.0,7.0,4.0,360,130,630,190,1710,190,5,4384,5,第4回ドラキリュウナイトカップ,ドラドキ5,1800
20251228,01,9,0.0,17.0,0.0,1.0,3.0,7.0,2.0,360,210,1270,430,2950,200,3,5096,5,第4回ドラキリュウナイトカップ,予選特賞,1800
20251228,01,10,0.0,17.0,0.0,1.0,3.0,7.0,1.0,150,290,560,380,1730,570,1,5005,5,第4回ドラキリュウナイトカップ,予選特賞,1800
20251228,01,11,0.0,17.0,0.0,1.0,2.0,7.0,1.0,110,190,300,200,520,210,1,4538,5,第4回ドラキリュウナイトカップ,予選特選,1800
20251228,01,12,2.0,2.0,1.0,1.0,2.0,7.0,5.0,110,140,520,450,3460,1550,1,4384,5,第4回ドラキリュウナイトカップ,桐生特選,1800
20251228,02,1,0.0,17.0,0.0,1.0,5.0,6.0,3.0,490,130,970,360,1370,180,2,4325,5,第44回ゴールドカップ・デイリースポーツ杯,予選,1800
20251228,02,2,1.0,6.0,1.0,1.0,7.0,6.0,1.0,560,130,530,360,1980,590,1,4880,5,第44回ゴールドカップ・デイリースポーツ杯,予選,1800
20251228,02,3,2.0,6.0,1.0,1.0,8.0,6.0,3.0,820,270,5310,820,12800,790,5,3863,5,第44回ゴールドカップ・デイリースポーツ杯,予選,1800
20251228,02,4,3.0,6.0,2.0,1.0,9.0,6.0,3.0,860,150,1950,1000,6100,2230,3,5147,5,第44回ゴールドカップ・デイリースポーツ杯,予選,1800
20251228,02,5,3.0,6.0,2.0,1.0,9.0,6.0,3.0,470,270,1570,1500,3490,620,4,5141,5,第44回ゴールドカップ・デイリースポーツ杯,ウインウイン5,1800
20251228,02,6,3.0,6.0,2.0,1.0,10.0,6.0,1.0,360,270,840,880,2120,440,1,4380,5,第44回ゴールドカップ・デイリースポーツ杯,予選,1800
20251228,02,7,2.0,6.0,1.0,1.0,10.0,6.0,1.0,110,220,480,440,2640,1520,1,4295,5,第44回ゴールドカップ・デイリースポーツ杯,ウインウイン7,1800
20251228,02,8,1.0,6.0,1.0,1.0,10.0,6.0,2.0,150,200,590,510,1850,300,2,4366,5,第44回ゴールドカップ・デイリースポーツ杯,予選,1800
20251228,02,9,1.0,8.0,1.0,1.0,10.0,6.0,1.0,160,110,330,200,1010,420,1,4610,5,第44回ゴールドカップ・デイリースポーツ杯,戸田特賞,1800
20251228,02,10,1.0,10.0,1.0,1.0,11.0,6.0,1.0,240,110,290,160,1200,470,1,3826,5,第44回ゴールドカップ・デイリースポーツ杯,戸田特賞,1800
20251228,02,11,1.0,8.0,1.0,1.0,10.0,6.0,1.0,130,150,350,320,1510,690,1,4797,5,第44回ゴールドカップ・デイリースポーツ杯,戸田特選,1800
20251228,02,12,1.0,10.0,1.0,1.0,10.0,6.0,4.0,520,370,5650,4290,43600,15100,3,4053,5,第44回ゴールドカップ・デイリースポーツ杯,記者選抜戦,1800
20251228,03,1,2.0,12.0,5.0,1.0,8.0,12.0,3.0,320,170,1060,410,2510,320,3,5261,5,第48回京葉賞 トータリゼータエンジニアリング杯,予選,1800
20251228,03,2,3.0,12.0,5.0,1.0,8.0,12.0,3.0,160,360,1220,710,2120,960,4,4472,5,第48回京葉賞 トータリゼータエンジニアリング杯,予選,1800
20251228,03,3,3.0,12.0,5.0,1.0,9.0,12.0,1.0,470,240,470,290,2110,560,1,3904,5,第48回京葉賞 トータリゼータエンジニアリング杯,予選,1800
20251228,03,4,4.0,12.0,5.0,1.0,9.0,12.0,5.0,490,250,1000,750,3960,1220,4,4875,5,第48回京葉賞 トータリゼータエンジニアリング杯,予選,1800
20251228,03,5,3.0,12.0,5.0,1.0,10.0,12.0,3.0,940,420,3270,1710,5640,1070,4,4705,5,第48回京葉賞 トータリゼータエンジニアリング杯,予選,1800
20251228,03,6,3.0,12.0,5.0,1.0,10.0,12.0,3.0,110,170,730,410,2710,1410,5,4826,5,第48回京葉賞 トータリゼータエンジニアリング杯,予選,1800
20251228,03,7,3.0,12.0,5.0,1.0,10.0,12.0,5.0,130,170,640,360,3740,1850,2,5267,5,第48回京葉賞 トータリゼータエンジニアリング杯,予選,1800
20251228,03,8,4.0,12.0,5.0,1.0,11.0,12.0,4.0,1970,180,2150,760,5950,370,4,4725,5,第48回京葉賞 トータリゼータエンジニアリング杯,予選,1800
20251228,03,9,3.0,12.0,5.0,1.0,11.0,12.0,5.0,110,160,260,330,1150,680,1,4688,5,第48回京葉賞 トータリゼータエンジニアリング杯,予選特賞,1800
20251228,03,10,4.0,12.0,5.0,1.0,11.0,12.0,1.0,110,160,430,330,1730,830,1,4297,5,第48回京葉賞 トータリゼータエンジニアリング杯,予選特賞,1800
20251228,03,11,4.0,12.0,5.0,1.0,10.0,12.0,1.0,140,110,500,390,2170,760,1,5267,5,第48回京葉賞 トータリゼータエンジニアリング杯,予選特選,1800
20251228,03,12,2.0,14.0,5.0,1.0,10.0,12.0,1.0,180,460,340,220,1770,970,1,4826,5,第48回京葉賞 トータリゼータエンジニアリング杯,記者選抜戦,1800
20251228,04,1,6.0,13.0,3.0,1.0,8.0,13.0,3.0,390,460,3270,1790,10650,1660,2,4982,5,BTS横浜開設18周年記念第1回ニッカン・コム杯,予選,1800
20251228,04,2,3.0,13.0,3.0,1.0,8.0,13.0,2.0,580,360,1320,800,4160,1060,4,4365,5,BTS横浜開設18周年記念第1回ニッカン・コム杯,予選,1800
20251228,04,3,2.0,13.0,3.0,1.0,9.0,13.0,1.0,270,130,420,290,1000,270,1,3381,5,BTS横浜開設18周年記念第1回ニッカン・コム杯,予選,1800
20251228,04,4,2.0,13.0,3.0,1.0,9.0,13.0,3.0,650,160,1060,520,4700,720,4,4828,5,BTS横浜開設18周年記念第1回ニッカン・コム杯,予選,1800
20251228,04,5,3.0,13.0,3.0,1.0,10.0,13.0,1.0,100,150,220,230,830,410,1,4095,5,BTS横浜開設18周年記念第1回ニッカン・コム杯,東京ベイランチ,1800
20251228,04,6,3.0,13.0,3.0,1.0,10.0,13.0,3.0,480,220,760,340,9340,1810,6,4748,5,BTS横浜開設18周年記念第1回ニッカン・コム杯,予選,1800
20251228,04,7,1.0,1.0,3.0,1.0,11.0,13.0,2.0,140,330,1310,990,2990,620,2,4787,5,BTS横浜開設18周年記念第1回ニッカン・コム杯,予選,1800
20251228,04,8,3.0,13.0,3.0,1.0,11.0,13.0,2.0,270,290,1620,1210,4590,330,4,4305,5,BTS横浜開設18周年記念第1回ニッカン・コム杯,ベイブレイク,1800
20251228,04,9,3.0,15.0,3.0,1.0,11.0,13.0,1.0,170,2730,2330,2280,16880,2990,2,4095,5,BTS横浜開設18周年記念第1回ニッカン・コム杯,予選特賞,1800
20251228,04,10,1.0,3.0,3.0,1.0,11.0,13.0,5.0,140,100,620,740,3980,880,1,3992,5,BTS横浜開設18周年記念第1回ニッカン・コム杯,予選特賞,1800
20251228,04,11,1.0,3.0,3.0,1.0,11.0,13.0,4.0,270,480,2580,1370,7070,1940,6,4254,5,BTS横浜開設18周年記念第1回ニッカン・コム杯,予選特選,1800
20251228,04,12,1.0,3.0,3.0,1.0,10.0,13.0,1.0,110,100,250,210,640,300,1,4305,5,BTS横浜開設18周年記念第1回ニッカン・コム杯,記者選抜,1800
20251228,05,1,2.0,5.0,2.0,1.0,7.0,10.0,6.0,1190,230,2670,1080,4900,270,5,5329,5,第40回多摩川カップ,予選,1800
20251228,05,2,1.0,1.0,2.0,1.0,8.0,10.0,4.0,290,170,510,400,1910,730,4,5065,5,第40回多摩川カップ,予選,1800
20251228,05,3,1.0,1.0,2.0,1.0,9.0,10.0,1.0,160,220,650,390,2680,780,1,3730,5,第40回多摩川カップ,予選,1800
20251228,05,4,1.0,3.0,2.0,1.0,10.0,10.0,3.0,1250,290,3140,2850,4360,740,4,5122,5,第40回多摩川カップ,予選,1800
20251228,05,5,4.0,3.0,2.0,1.0,10.0,10.0,2.0,120,100,340,200,820,420,2,4188,5,第40回多摩川カップ,予選,1800
20251228,05,6,2.0,5.0,2.0,1.0,11.0,10.0,5.0,320,730,1660,1030,5010,1310,1,4973,5,第40回多摩川カップ,予選,1800
20251228,05,7,0.0,17.0,2.0,1.0,10.0,10.0,3.0,720,250,950,540,12590,3990,2,4706,5,第40回多摩川カップ,予選,1800
20251228,05,8,0.0,17.0,2.0,1.0,11.0,11.0,3.0,160,160,430,250,1300,420,2,4191,5,第40回多摩川カップ,予選,1800
20251228,05,9,1.0,5.0,2.0,1.0,11.0,10.0,1.0,240,320,890,430,2330,860,1,3306,5,第40回多摩川カップ,予選特賞,1800
20251228,05,10,1.0,5.0,2.0,1.0,11.0,10.0,1.0,110,330,710,470,2680,1520,1,5115,5,第40回多摩川カップ,予選特賞,1800
20251228,05,11,1.0,3.0,1.0,1.0,11.0,10.0,1.0,270,290,1710,1370,8800,2800,1,4388,5,第40回多摩川カップ,予選特選,1800
20251228,05,12,2.0,5.0,1.0,1.0,11.0,10.0,2.0,330,100,470,140,2180,310,4,4238,5,第40回多摩川カップ,記者選抜戦,1800
20251228,07,1,2.0,1.0,1.0,1.0,10.0,12.0,2.0,230,110,540,210,2190,520,2,4550,5,日本モーターボート選手会会長杯争奪戦,一般戦,1800
20251228,07,2,2.0,1.0,1.0,1.0,11.0,12.0,1.0,130,370,1500,900,2860,690,1,4837,5,日本モーターボート選手会会長杯争奪戦,一般戦,1800
20251228,07,3,2.0,1.0,1.0,1.0,10.0,12.0,1.0,260,320,1230,870,3700,800,1,3105,5,日本モーターボート選手会会長杯争奪戦,一般戦,1800
20251228,07,4,2.0,1.0,1.0,1.0,10.0,12.0,1.0,170,290,350,340,1220,600,1,3406,5,日本モーターボート選手会会長杯争奪戦,一般戦,1800
20251228,07,5,2.0,1.0,1.0,1.0,9.0,12.0,4.0,1490,2110,18810,11360,67870,3030,5,4060,5,日本モーターボート選手会会長杯争奪戦,一般戦,1800
20251228,07,6,1.0,1.0,0.0,1.0,9.0,12.0,1.0,100,280,860,860,2300,610,1,4677,5,日本モーターボート選手会会長杯争奪戦,一般戦,1800
20251228,07,7,1.0,3.0,0.0,1.0,8.0,12.0,1.0,140,330,480,600,930,310,1,4298,5,日本モーターボート選手会会長杯争奪戦,一般戦,1800
20251228,07,8,1.0,13.0,0.0,1.0,6.0,12.0,1.0,110,330,940,700,1870,530,1,3655,5,日本モーターボート選手会会長杯争奪戦,一般戦,1800
20251228,07,9,1.0,15.0,0.0,1.0,6.0,12.0,4.0,690,250,3710,1290,10360,2200,2,4060,5,日本モーターボート選手会会長杯争奪戦,一般特選,1800
20251228,07,10,1.0,15.0,0.0,1.0,5.0,12.0,1.0,120,200,300,250,650,290,1,4090,5,日本モーターボート選手会会長杯争奪戦,選抜戦,1800
20251228,07,11,1.0,11.0,0.0,1.0,6.0,12.0,1.0,120,150,210,230,980,440,1,4043,5,日本モーターボート選手会会長杯争奪戦,選抜戦,1800
20251228,07,12,0.0,17.0,0.0,1.0,4.0,12.0,4.0,5760,1490,39520,12020,390200,19640,6,3616,5,日本モーターボート選手会会長杯争奪戦,優勝戦,1800
20251228,11,1,2.0,15.0,2.0,2.0,4.0,7.0,3.0,100,770,1220,800,7390,2350,2,4544,5,第9回オールサンケイスポーツ杯,一般,1800
20251228,11,2,2.0,15.0,2.0,1.0,7.0,7.0,1.0,270,680,2670,2240,8520,2210,1,4835,5,第9回オールサンケイスポーツ杯,一般,1800
20251228,11,3,0.0,17.0,1.0,1.0,6.0,7.0,4.0,710,220,2390,500,5890,340,3,5036,5,第9回オールサンケイスポーツ杯,一般,1800
20251228,11,4,3.0,13.0,2.0,1.0,6.0,7.0,1.0,140,100,260,170,450,150,1,5135,5,第9回オールサンケイスポーツ杯,一般,1800
20251228,11,5,1.0,15.0,1.0,1.0,7.0,7.0,4.0,870,260,2510,1090,9380,970,5,4723,5,第9回オールサンケイスポーツ杯,一般,1800
20251228,11,6,1.0,13.0,1.0,1.0,8.0,7.0,4.0,1150,820,7540,4040,31990,1150,3,4082,5,第9回オールサンケイスポーツ杯,一般,1800
20251228,11,7,1.0,3.0,1.0,1.0,7.0,8.0,3.0,470,240,630,540,5010,1530,3,4611,5,第9回オールサンケイスポーツ杯,一般,1800
20251228,11,8,2.0,7.0,2.0,1.0,7.0,8.0,1.0,130,370,2670,2370,8600,2150,1,4401,5,第9回オールサンケイスポーツ杯,一般,1800
20251228,11,9,2.0,7.0,2.0,1.0,6.0,8.0,1.0,140,190,320,320,460,180,1,4987,5,第9回オールサンケイスポーツ杯,一般,1800
20251228,11,10,1.0,7.0,1.0,1.0,6.0,8.0,1.0,160,170,530,260,1750,700,1,5311,5,第9回オールサンケイスポーツ杯,準優勝戦,1800
20251228,11,11,2.0,7.0,2.0,1.0,6.0,8.0,1.0,120,280,370,250,620,250,1,3629,5,第9回オールサンケイスポーツ杯,準優勝戦,1800
20251228,11,12,2.0,7.0,2.0,1.0,6.0,7.0,2.0,1520,450,6980,4790,53720,8990,4,5036,5,第9回オールサンケイスポーツ杯,準優勝戦,1800
20251228,12,1,0.0,17.0,1.0,1.0,9.0,8.0,1.0,160,190,1170,700,2330,410,1,4615,5,BTSりんくう開設13周年記念住之江ファイナル競走,予選,1800
20251228,12,2,0.0,17.0,1.0,1.0,9.0,8.0,1.0,460,210,1060,560,2480,350,1,3478,5,BTSりんくう開設13周年記念住之江ファイナル競走,予選,1800
20251228,12,3,0.0,17.0,1.0,1.0,9.0,8.0,1.0,210,180,960,730,3530,710,1,5082,5,BTSりんくう開設13周年記念住之江ファイナル競走,予選,1800
20251228,12,4,0.0,17.0,1.0,1.0,8.0,8.0,1.0,150,270,360,380,670,220,1,3888,5,BTSりんくう開設13周年記念住之江ファイナル競走,予選,1800
20251228,12,5,0.0,17.0,1.0,1.0,8.0,8.0,1.0,140,230,360,290,810,450,1,5055,5,BTSりんくう開設13周年記念住之江ファイナル競走,住之江ファイブ,1800
20251228,12,6,0.0,17.0,1.0,1.0,7.0,8.0,3.0,350,940,6660,5880,29630,1820,3,4505,5,BTSりんくう開設13周年記念住之江ファイナル競走,予選特別B戦,1800
20251228,12,7,0.0,17.0,1.0,1.0,7.0,8.0,5.0,650,270,4700,2460,17340,1730,5,4256,5,BTSりんくう開設13周年記念住之江ファイナル競走,予選,1800
20251228,12,8,0.0,17.0,1.0,1.0,7.0,8.0,1.0,140,190,380,300,2400,880,1,4890,5,BTSりんくう開設13周年記念住之江ファイナル競走,予選,1800
20251228,12,9,0.0,17.0,1.0,1.0,7.0,8.0,1.0,170,200,1060,1120,4200,1950,1,5263,5,BTSりんくう開設13周年記念住之江ファイナル競走,予選,1800
20251228,12,10,1.0,11.0,1.0,1.0,7.0,8.0,1.0,110,100,170,100,980,630,1,4505,5,BTSりんくう開設13周年記念住之江ファイナル競走,予選特別B戦,1800
20251228,12,11,0.0,17.0,1.0,1.0,6.0,8.0,3.0,610,430,4780,6560,19470,7080,4,3888,5,BTSりんくう開設13周年記念住之江ファイナル競走,予選特別A戦,1800
20251228,12,12,0.0,17.0,1.0,1.0,6.0,8.0,1.0,100,360,470,720,1340,540,1,4256,5,BTSりんくう開設13周年記念住之江ファイナル競走,一般特別戦,1800
20251228,13,1,0.0,17.0,0.0,1.0,10.9,7.4,1.0,150,100,290,180,710,320,1,3882,5,日本MB選手会代表杯争奪歳忘れ今年もありがとう競走,朝からセンプル,1800
20251228,13,2,1.0,12.0,0.0,1.0,10.5,7.4,4.0,1760,710,11930,3370,18810,1250,5,5071,5,日本MB選手会代表杯争奪歳忘れ今年もありがとう競走,一般,1800
20251228,13,3,1.0,14.0,0.0,1.0,11.0,7.5,2.0,210,120,500,260,1450,390,3,5221,5,日本MB選手会代表杯争奪歳忘れ今年もありがとう競走,一般,1800
20251228,13,4,1.0,14.0,0.0,1.0,12.1,7.6,4.0,350,140,550,230,1820,260,4,4771,5,日本MB選手会代表杯争奪歳忘れ今年もありがとう競走,一般,1800
20251228,13,5,3.0,10.0,0.0,1.0,12.5,7.7,1.0,160,350,500,990,4320,2040,1,5057,5,日本MB選手会代表杯争奪歳忘れ今年もありがとう競走,一般,1800
20251228,13,6,2.0,10.0,0.0,1.0,12.4,7.7,1.0,110,110,220,230,900,530,1,4000,5,日本MB選手会代表杯争奪歳忘れ今年もありがとう競走,昼どきピンクル,1800
20251228,13,7,3.0,12.0,0.0,1.0,11.9,7.7,1.0,110,120,350,280,21670,8860,1,4057,5,日本MB選手会代表杯争奪歳忘れ今年もありがとう競走,一般,1800
20251228,13,8,3.0,12.0,0.0,1.0,11.5,7.8,4.0,1750,610,16210,3820,51400,3410,5,5271,5,日本MB選手会代表杯争奪歳忘れ今年もありがとう競走,一般,1800
20251228,13,9,3.0,12.0,0.0,1.0,11.7,7.8,1.0,110,360,680,440,1290,290,1,4099,5,日本MB選手会代表杯争奪歳忘れ今年もありがとう競走,準優進出戦,1800
20251228,13,10,2.0,14.0,0.0,1.0,11.6,7.9,1.0,120,310,700,850,1870,340,1,4771,5,日本MB選手会代表杯争奪歳忘れ今年もありがとう競走,準優進出戦,1800
20251228,13,11,1.0,14.0,0.0,1.0,11.6,7.8,1.0,100,400,910,730,2400,560,1,4290,5,日本MB選手会代表杯争奪歳忘れ今年もありがとう競走,準優進出戦,1800
20251228,13,12,2.0,14.0,0.0,1.0,11.3,7.8,1.0,130,200,420,230,630,250,1,4560,5,日本MB選手会代表杯争奪歳忘れ今年もありがとう競走,準優進出戦,1800
20251228,16,1,1.0,3.0,1.0,1.0,8.0,12.0,3.0,190,280,740,880,2420,680,2,4964,5,第52回岡山県モーターボート選手権大会,予選,1800
20251228,16,2,1.0,3.0,1.0,1.0,9.0,12.0,1.0,760,220,1750,1140,5940,580,1,5181,5,第52回岡山県モーターボート選手権大会,予選,1800
20251228,16,3,3.0,15.0,3.0,1.0,9.0,12.0,4.0,690,2120,14040,5260,74640,10620,3,4054,5,第52回岡山県モーターボート選手権大会,予選,1800
20251228,16,4,4.0,15.0,3.0,1.0,10.0,12.0,3.0,500,700,1780,920,12830,3070,2,4089,5,第52回岡山県モーターボート選手権大会,予選,1800
20251228,16,5,1.0,3.0,1.0,1.0,10.0,12.0,4.0,900,280,2550,390,5430,490,3,4214,5,第52回岡山県モーターボート選手権大会,予選,1800
20251228,16,6,2.0,15.0,3.0,1.0,10.0,12.0,1.0,170,190,790,570,3230,650,1,3746,5,第52回岡山県モーターボート選手権大会,予選,1800
20251228,16,7,3.0,15.0,3.0,1.0,11.0,12.0,1.0,330,270,560,290,3020,770,1,3935,5,第52回岡山県モーターボート選手権大会,予選,1800
20251228,16,8,2.0,11.0,3.0,1.0,11.0,12.0,5.0,310,130,490,150,750,190,2,4166,5,第52回岡山県モーターボート選手権大会,予選,1800
20251228,16,9,6.0,13.0,5.0,1.0,11.0,12.0,1.0,110,230,350,290,1780,1370,1,4584,5,第52回岡山県モーターボート選手権大会,予選,1800
20251228,16,10,3.0,15.0,3.0,1.0,11.0,12.0,1.0,110,190,400,350,1990,860,1,4172,5,第52回岡山県モーターボート選手権大会,予選,1800
20251228,16,11,1.0,13.0,1.0,1.0,10.0,12.0,1.0,130,110,340,210,810,400,1,4713,5,第52回岡山県モーターボート選手権大会,鷲羽選抜,1800
20251228,16,12,1.0,3.0,1.0,1.0,10.0,12.0,5.0,110,230,340,550,3870,1820,1,4166,5,第52回岡山県モーターボート選手権大会,ドリーム戦,1800
20251228,18,1,3.0,3.0,3.0,1.0,3.0,12.0,1.0,100,380,1130,540,2530,490,1,4287,5,BTS田布施開設9周年記念スポーツニッポン杯争奪戦,朝トク一般,1800
20251228,18,2,3.0,1.0,3.0,1.0,4.0,12.0,5.0,1900,740,14860,4850,56380,2020,5,4116,5,BTS田布施開設9周年記念スポーツニッポン杯争奪戦,決めトク一般,1800
20251228,18,3,2.0,15.0,2.0,1.0,6.0,12.0,5.0,1090,360,5990,3400,13810,390,2,4314,5,BTS田布施開設9周年記念スポーツニッポン杯争奪戦,ガチトク一般,1800
20251228,18,4,3.0,15.0,3.0,1.0,7.0,12.0,2.0,510,240,1350,430,5340,1010,2,5155,5,BTS田布施開設9周年記念スポーツニッポン杯争奪戦,買っトク一般,1800
20251228,18,5,2.0,7.0,2.0,1.0,8.0,12.0,1.0,170,190,500,400,1070,430,1,4148,5,BTS田布施開設9周年記念スポーツニッポン杯争奪戦,一般,1800
20251228,18,6,2.0,5.0,2.0,1.0,9.0,12.0,3.0,350,140,780,440,9630,2940,4,5016,5,BTS田布施開設9周年記念スポーツニッポン杯争奪戦,一般,1800
20251228,18,7,2.0,3.0,2.0,1.0,10.0,12.0,1.0,140,190,590,490,1920,1050,1,3875,5,BTS田布施開設9周年記念スポーツニッポン杯争奪戦,一般,1800
20251228,18,8,2.0,11.0,2.0,1.0,11.0,13.0,1.0,130,230,310,290,1010,560,1,4761,5,BTS田布施開設9周年記念スポーツニッポン杯争奪戦,一般,1800
20251228,18,9,3.0,11.0,3.0,1.0,11.0,13.0,1.0,130,100,320,250,760,270,1,3968,5,BTS田布施開設9周年記念スポーツニッポン杯争奪戦,狙いトク一般,1800
20251228,18,10,2.0,13.0,2.0,1.0,11.0,13.0,3.0,440,720,4880,2530,15420,1060,4,5155,5,BTS田布施開設9周年記念スポーツニッポン杯争奪戦,準優勝戦,1800
20251228,18,11,3.0,13.0,3.0,1.0,11.0,13.0,1.0,340,620,3740,2250,10500,710,6,3024,5,BTS田布施開設9周年記念スポーツニッポン杯争奪戦,準優勝戦,1800
20251228,18,12,3.0,13.0,3.0,1.0,12.0,13.0,1.0,100,270,280,340,1290,700,1,4624,5,BTS田布施開設9周年記念スポーツニッポン杯争奪戦,準優勝戦,1800
20251228,19,1,1.0,15.0,1.0,2.0,10.0,10.0,3.0,470,300,2790,1020,6710,1200,4,3711,5,下関市議会議長杯争奪クリスタルカップお正月特選,予選,1800
20251228,19,2,3.0,5.0,3.0,2.0,10.0,10.0,6.0,130,190,400,240,1010,290,1,4158,5,下関市議会議長杯争奪クリスタルカップお正月特選,予選,1800
20251228,19,3,2.0,5.0,2.0,2.0,9.0,10.0,1.0,150,100,280,190,1630,700,1,3284,5,下関市議会議長杯争奪クリスタルカップお正月特選,予選,1800
20251228,19,4,3.0,5.0,3.0,2.0,8.0,10.0,2.0,860,170,1060,610,2370,300,2,3574,5,下関市議会議長杯争奪クリスタルカップお正月特選,予選,1800
20251228,19,5,3.0,5.0,3.0,2.0,8.0,10.0,1.0,130,100,140,140,470,290,1,4980,5,下関市議会議長杯争奪クリスタルカップお正月特選,長州ファイブ,1800
20251228,19,6,2.0,5.0,2.0,2.0,8.0,10.0,2.0,220,130,320,160,580,160,2,4361,5,下関市議会議長杯争奪クリスタルカップお正月特選,予選,1800
20251228,19,7,1.0,5.0,1.0,2.0,8.0,10.0,1.0,230,160,480,180,1180,360,1,3305,5,下関市議会議長杯争奪クリスタルカップお正月特選,ふく〜る戦,1800
20251228,19,8,1.0,5.0,1.0,2.0,8.0,10.0,1.0,130,160,170,260,540,360,1,4324,5,下関市議会議長杯争奪クリスタルカップお正月特選,予選,1800
20251228,19,9,1.0,5.0,1.0,2.0,7.0,10.0,1.0,130,120,280,240,590,320,1,5146,5,下関市議会議長杯争奪クリスタルカップお正月特選,予選,1800
20251228,19,10,1.0,11.0,1.0,2.0,6.0,10.0,1.0,130,170,350,220,750,260,1,3711,5,下関市議会議長杯争奪クリスタルカップお正月特選,予選,1800
20251228,19,11,1.0,5.0,1.0,2.0,6.0,10.0,1.0,100,100,210,130,430,220,1,4239,5,下関市議会議長杯争奪クリスタルカップお正月特選,予選特選,1800
20251228,19,12,2.0,5.0,2.0,2.0,6.0,10.0,4.0,700,150,3560,630,12940,520,4,4361,5,下関市議会議長杯争奪クリスタルカップお正月特選,ドリーム戦,1800
20251228,22,1,3.0,2.0,3.0,1.0,8.0,13.0,3.0,530,160,1110,160,2050,190,2,3989,5,歳末特選・福岡観光コンベンションビューロー杯,カタメン1予選,1800
20251228,22,2,3.0,2.0,3.0,1.0,9.0,13.0,2.0,280,130,480,300,990,340,2,4603,5,歳末特選・福岡観光コンベンションビューロー杯,予選,1800
20251228,22,3,3.0,2.0,3.0,2.0,9.0,13.0,1.0,260,240,450,420,830,120,1,4866,5,歳末特選・福岡観光コンベンションビューロー杯,カタメン3予選,1800
20251228,22,4,3.0,2.0,3.0,2.0,9.0,13.0,3.0,120,220,600,570,1350,390,2,4715,5,歳末特選・福岡観光コンベンションビューロー杯,予選,1800
20251228,22,5,1.0,2.0,2.0,2.0,9.0,13.0,3.0,200,610,1650,1770,9210,5440,5,3257,5,歳末特選・福岡観光コンベンションビューロー杯,予選,1800
20251228,22,6,1.0,2.0,2.0,2.0,9.0,13.0,3.0,220,120,1210,320,3260,420,5,4653,5,歳末特選・福岡観光コンベンションビューロー杯,予選,1800
20251228,22,7,1.0,2.0,2.0,1.0,10.0,13.0,5.0,180,210,620,380,2450,720,5,4760,5,歳末特選・福岡観光コンベンションビューロー杯,予選,1800
20251228,22,8,1.0,2.0,2.0,1.0,10.0,13.0,3.0,820,450,3840,1990,10410,560,2,4268,5,歳末特選・福岡観光コンベンションビューロー杯,予選,1800
20251228,22,9,1.0,2.0,2.0,1.0,10.0,13.0,2.0,550,2800,12660,7000,57140,6050,2,4832,5,歳末特選・福岡観光コンベンションビューロー杯,予選特賞,1800
20251228,22,10,1.0,2.0,2.0,1.0,10.0,13.0,1.0,100,110,170,160,1050,720,1,4653,5,歳末特選・福岡観光コンベンションビューロー杯,予選特賞,1800
20251228,22,11,1.0,10.0,2.0,1.0,10.0,13.0,1.0,100,140,280,160,380,160,1,4044,5,歳末特選・福岡観光コンベンションビューロー杯,予選特選,1800
20251228,22,12,1.0,10.0,2.0,1.0,10.0,13.0,1.0,150,170,180,220,490,280,1,4760,5,歳末特選・福岡観光コンベンションビューロー杯,福岡選抜,1800
20251228,23,1,4.0,14.0,4.0,1.0,4.0,8.0,3.0,800,580,18730,6950,97750,8020,2,4778,5,第66回佐賀県選手権 唐津ぴ〜ぷる杯,朝1戦,1800
20251228,23,2,3.0,14.0,3.0,1.0,4.0,8.0,2.0,560,210,2020,590,10450,1990,4,4981,5,第66回佐賀県選手権 唐津ぴ〜ぷる杯,モー2ング戦,1800
20251228,23,3,4.0,14.0,4.0,1.0,5.0,8.0,4.0,3570,2510,22670,10640,185660,8170,6,5395,5,第66回佐賀県選手権 唐津ぴ〜ぷる杯,3ライズ戦,1800
20251228,23,4,4.0,14.0,4.0,1.0,6.0,8.0,3.0,250,230,470,400,1470,610,4,4503,5,第66回佐賀県選手権 唐津ぴ〜ぷる杯,おは4戦,1800
20251228,23,5,4.0,14.0,4.0,1.0,7.0,8.0,3.0,230,140,540,170,1640,540,2,4072,5,第66回佐賀県選手権 唐津ぴ〜ぷる杯,レッツ5戦,1800
20251228,23,6,4.0,14.0,4.0,1.0,8.0,8.0,1.0,450,240,1240,470,4680,750,1,5312,5,第66回佐賀県選手権 唐津ぴ〜ぷる杯,予選,1800
20251228,23,7,4.0,14.0,4.0,1.0,9.0,8.0,3.0,210,100,360,310,1980,820,3,4294,5,第66回佐賀県選手権 唐津ぴ〜ぷる杯,予選,1800
20251228,23,8,2.0,14.0,2.0,1.0,9.0,8.0,1.0,280,310,1990,850,2960,340,1,3471,5,第66回佐賀県選手権 唐津ぴ〜ぷる杯,8っぴータイム,1800
20251228,23,9,0.0,17.0,1.0,1.0,10.0,8.0,1.0,270,140,390,210,720,230,1,4006,5,第66回佐賀県選手権 唐津ぴ〜ぷる杯,予選,1800
20251228,23,10,1.0,16.0,1.0,1.0,10.0,8.0,1.0,120,230,390,230,600,220,1,4503,5,第66回佐賀県選手権 唐津ぴ〜ぷる杯,予選特賞,1800
20251228,23,11,1.0,4.0,1.0,1.0,11.0,8.0,1.0,160,100,510,280,610,150,1,4445,5,第66回佐賀県選手権 唐津ぴ〜ぷる杯,宝当特選,1800
20251228,23,12,3.0,4.0,3.0,1.0,10.0,8.0,1.0,140,200,350,310,620,240,1,5084,5,第66回佐賀県選手権 唐津ぴ〜ぷる杯,からっキー選抜,1800
20251228,24,1,2.0,5.0,1.0,1.0,10.0,11.0,1.0,250,180,750,470,6130,2120,1,5045,2,第14回クイーンズクライマックス/G3QCシリーズ,シリーズ戦予選,1800
20251228,24,2,1.0,7.0,1.0,1.0,10.0,11.0,1.0,130,170,490,290,2020,1040,1,4183,2,第14回クイーンズクライマックス/G3QCシリーズ,シリーズ戦予選,1800
20251228,24,3,1.0,9.0,1.0,1.0,10.0,11.0,5.0,120,300,450,330,1050,380,1,4373,2,第14回クイーンズクライマックス/G3QCシリーズ,シリーズ戦予選,1800
20251228,24,4,1.0,7.0,1.0,1.0,11.0,11.0,2.0,550,280,1230,350,3610,550,2,5129,2,第14回クイーンズクライマックス/G3QCシリーズ,シリーズ戦予選,1800
20251228,24,5,1.0,5.0,1.0,1.0,11.0,11.0,2.0,580,130,1030,450,3990,870,2,5281,2,第14回クイーンズクライマックス/G3QCシリーズ,シリーズ戦予選,1800
20251228,24,6,1.0,15.0,1.0,1.0,10.0,11.0,1.0,120,160,290,250,2240,1280,1,4208,2,第14回クイーンズクライマックス/G3QCシリーズ,シリーズ戦予選,1800
20251228,24,7,1.0,15.0,1.0,1.0,9.0,11.0,1.0,140,120,350,240,950,470,1,5218,2,第14回クイーンズクライマックス/G3QCシリーズ,シリーズ戦予選,1800
20251228,24,8,1.0,1.0,1.0,1.0,8.0,11.0,2.0,360,580,2680,1680,9410,1870,2,5205,2,第14回クイーンズクライマックス/G3QCシリーズ,シリーズ戦予選,1800
20251228,24,9,1.0,15.0,1.0,1.0,7.0,11.0,1.0,110,160,420,320,1570,870,1,4884,2,第14回クイーンズクライマックス/G3QCシリーズ,シリーズ戦予選,1800
20251228,24,10,2.0,1.0,1.0,1.0,7.0,11.0,4.0,310,120,770,220,2690,410,3,4373,2,第14回クイーンズクライマックス/G3QCシリーズ,シリーズ戦予選,1800
20251228,24,11,2.0,1.0,1.0,1.0,7.0,11.0,1.0,100,160,410,310,1770,920,1,4482,2,第14回クイーンズクライマックス/G3QCシリーズ,トライアル,1800
20251228,24,12,1.0,1.0,1.0,1.0,7.0,11.0,1.0,100,240,390,310,870,260,1,4502,2,第14回クイーンズクライマックス/G3QCシリーズ,トライアル,1800
20251229,01,1,1.0,12.0,1.0,1.0,9.0,7.0,3.0,1060,470,2620,1900,8210,1410,5,3850,,,,
20251229,01,2,2.0,12.0,1.0,1.0,9.0,7.0,4.0,1190,260,3860,970,10060,1010,3,5175,,,,
20251229,01,3,2.0,12.0,1.0,1.0,9.0,7.0,4.0,490,250,2230,770,4770,640,4,5167,,,,
20251229,01,4,,,,,,,,,,,,,,,,,,,
20251229,01,5,,,,,,,,,,,,,,,,,,,
20251229,01,6,,,,,,,,,,,,,,,,,,,
20251229,01,7,,,,,,,,,,,,,,,,,,,
20251229,01,8,,,,,,,,,,,,,,,,,,,
20251229,01,9,,,,,,,,,,,,,,,,,,,
20251229,01,10,,,,,,,,,,,,,,,,,,,
20251229,01,11,,,,,,,,,,,,,,,,,,,
20251229,01,12,,,,,,,,,,,,,,,,,,,
20251229,02,1,0.0,17.0,0.0,1.0,5.0,6.0,1.0,140,120,300,190,810,260,1,4637,,,,
20251229,02,2,0.0,17.0,0.0,1.0,6.0,6.0,3.0,210,240,1210,570,7250,1440,4,4083,,,,
20251229,02,3,0.0,17.0,0.0,1.0,7.0,6.0,3.0,260,260,890,870,2010,770,3,4797,,,,
20251229,02,4,0.0,17.0,0.0,1.0,8.0,6.0,3.0,570,480,2530,1090,7700,820,2,5319,,,,
20251229,02,5,0.0,17.0,0.0,1.0,8.0,6.0,1.0,100,100,250,190,1620,570,1,4769,,,,
20251229,02,6,0.0,17.0,0.0,1.0,9.0,6.0,2.0,130,120,310,190,790,320,2,4851,,,,
20251229,02,7,0.0,17.0,0.0,1.0,9.0,6.0,1.0,110,210,260,300,610,280,1,4083,,,,
20251229,02,8,0.0,17.0,0.0,1.0,9.0,6.0,4.0,1750,920,11510,3130,19280,1640,5,3852,,,,
20251229,02,9,0.0,17.0,0.0,1.0,10.0,6.0,4.0,860,480,3480,2790,17630,5250,5,5220,,,,
20251229,02,10,0.0,17.0,0.0,1.0,10.0,6.0,5.0,220,180,560,360,2560,850,2,3940,,,,
20251229,02,11,0.0,17.0,0.0,1.0,10.0,6.0,3.0,260,220,660,580,4150,1680,5,4610,,,,
20251229,02,12,0.0,17.0,0.0,1.0,11.0,6.0,3.0,1040,310,2260,960,3210,250,2,4053,,,,
20251229,03,1,1.0,10.0,5.0,1.0,8.0,12.0,2.0,1470,580,5200,2920,21250,1550,2,3776,,,,
20251229,03,2,2.0,12.0,5.0,1.0,8.0,12.0,2.0,370,110,990,250,19150,3020,2,5150,,,,
20251229,03,3,1.0,10.0,5.0,1.0,10.0,12.0,2.0,1450,1590,7920,3180,30650,1380,6,4508,,,,
20251229,03,4,1.0,6.0,5.0,1.0,11.0,12.0,3.0,410,220,1000,800,7990,1170,6,4381,,,,
20251229,03,5,1.0,6.0,5.0,1.0,12.0,12.0,5.0,220,120,530,470,1410,400,4,5267,,,,
20251229,03,6,1.0,6.0,5.0,1.0,12.0,12.0,2.0,470,1000,6730,3110,27650,2010,4,4258,,,,
20251229,03,7,1.0,6.0,5.0,1.0,12.0,12.0,1.0,210,160,1390,1080,2730,500,1,5150,,,,
20251229,03,8,2.0,4.0,5.0,1.0,11.0,12.0,1.0,150,170,830,640,2850,980,1,4508,,,,
20251229,03,9,3.0,4.0,5.0,1.0,11.0,12.0,1.0,240,100,260,180,940,440,1,4656,,,,
20251229,03,10,3.0,4.0,5.0,1.0,11.0,12.0,1.0,120,970,1170,1430,2550,580,1,5048,,,,
20251229,03,11,2.0,4.0,5.0,1.0,10.0,12.0,1.0,150,570,570,570,2470,690,1,4381,,,,
20251229,03,12,2.0,4.0,5.0,1.0,10.0,12.0,1.0,130,110,380,360,750,250,1,4826,,,,
20251229,04,1,1.0,1.0,3.0,1.0,9.0,13.0,3.0,1640,360,32370,9650,137860,4320,6,5427,,,,
20251229,04,2,1.0,1.0,3.0,1.0,9.0,13.0,2.0,4290,390,2140,380,6790,600,2,4274,,,,
20251229,04,3,0.0,17.0,3.0,1.0,9.0,13.0,3.0,750,370,4680,1840,10770,990,2,5359,,,,
20251229,04,4,1.0,13.0,3.0,1.0,9.0,13.0,1.0,360,420,880,580,4970,1260,1,5066,,,,
20251229,04,5,1.0,3.0,3.0,1.0,9.0,13.0,1.0,120,120,310,220,2830,2170,1,4787,,,,
20251229,04,6,2.0,5.0,3.0,1.0,10.0,13.0,2.0,380,170,1070,450,7180,1670,2,4059,,,,
20251229,04,7,1.0,5.0,3.0,1.0,10.0,13.0,3.0,230,230,540,520,10360,3080,2,5132,,,,
20251229,04,8,2.0,5.0,3.0,1.0,10.0,13.0,1.0,200,160,280,230,840,340,1,4254,,,,
20251229,04,9,2.0,5.0,3.0,1.0,10.0,13.0,1.0,240,200,800,580,1400,250,1,4982,,,,
20251229,04,10,1.0,5.0,3.0,1.0,10.0,13.0,1.0,100,190,310,300,830,440,1,4305,,,,
20251229,04,11,0.0,17.0,3.0,1.0,11.0,13.0,1.0,130,130,550,250,1730,660,1,4025,,,,
20251229,04,12,1.0,13.0,3.0,1.0,10.0,13.0,1.0,110,160,220,190,3930,2540,1,4748,,,,
20251229,05,1,1.0,5.0,2.0,1.0,8.0,10.0,3.0,880,280,1280,360,15930,2320,2,3831,,,,
20251229,05,2,0.0,17.0,1.0,1.0,8.0,10.0,1.0,260,620,5150,4630,25590,4650,1,5329,,,,
20251229,05,3,1.0,5.0,2.0,1.0,9.0,10.0,1.0,240,520,3620,2140,16720,2790,1,3455,,,,
20251229,05,4,2.0,5.0,2.0,1.0,10.0,10.0,3.0,490,680,2810,930,5430,390,2,3730,,,,
20251229,05,5,2.0,5.0,2.0,1.0,10.0,10.0,3.0,150,400,1990,1180,4220,470,2,5115,,,,
20251229,05,6,1.0,1.0,2.0,1.0,10.0,10.0,1.0,360,120,650,440,1550,250,1,4200,,,,
20251229,05,7,1.0,5.0,2.0,1.0,11.0,11.0,5.0,130,150,510,410,3140,900,2,4238,,,,
20251229,05,8,1.0,11.0,2.0,1.0,12.0,10.0,1.0,210,130,260,270,540,250,1,3327,,,,
20251229,05,9,2.0,7.0,2.0,1.0,13.0,11.0,3.0,410,470,5270,2400,8950,230,3,4191,,,,
20251229,05,10,1.0,9.0,2.0,1.0,13.0,11.0,1.0,100,310,550,860,5970,2070,1,3854,,,,
20251229,05,11,1.0,9.0,1.0,1.0,13.0,11.0,2.0,360,130,1280,160,4620,210,2,3679,,,,
20251229,05,12,1.0,9.0,1.0,1.0,13.0,11.0,1.0,100,130,520,380,2030,1060,1,4238,,,,
20251229,06,1,1.0,5.0,1.0,1.0,8.0,11.0,1.0,180,410,1930,1010,4710,1190,1,3474,,,,
20251229,06,2,1.0,5.0,1.0,1.0,11.0,11.0,1.0,1240,130,3130,670,3900,320,2,4058,,,,
20251229,06,3,1.0,3.0,1.0,1.0,11.0,11.0,1.0,160,260,1350,660,2920,970,1,3502,,,,
20251229,06,4,1.0,3.0,1.0,1.0,12.0,11.0,3.0,270,190,740,440,19550,4840,3,4150,,,,
20251229,06,5,1.0,1.0,1.0,1.0,12.0,11.0,3.0,200,180,420,340,2250,400,2,3909,,,,
20251229,06,6,2.0,3.0,1.0,1.0,12.0,11.0,3.0,1170,710,11650,3290,55540,5020,3,4417,,,,
20251229,06,7,1.0,1.0,1.0,1.0,13.0,11.0,1.0,170,110,270,150,750,270,1,3489,,,,
20251229,06,8,1.0,3.0,1.0,1.0,13.0,11.0,1.0,160,420,1720,850,2760,200,1,4581,,,,
20251229,06,9,1.0,3.0,1.0,1.0,13.0,11.0,1.0,150,260,570,550,1780,920,1,4033,,,,
20251229,06,10,1.0,3.0,1.0,1.0,13.0,11.0,1.0,180,390,860,810,1260,490,1,3956,,,,
20251229,06,11,1.0,3.0,1.0,1.0,12.0,12.0,1.0,130,120,220,150,600,290,1,4933,,,,
20251229,06,12,1.0,3.0,1.0,1.0,12.0,12.0,1.0,110,300,290,440,840,450,1,4524,,,,
20251229,08,1,1.0,1.0,0.0,1.0,6.0,9.0,4.0,1010,370,2660,520,9550,1950,5,5321,,,,
20251229,08,2,1.0,1.0,0.0,1.0,7.0,9.0,1.0,240,1150,580,600,2070,610,1,3542,,,,
20251229,08,3,1.0,1.0,0.0,1.0,7.0,9.0,3.0,240,210,1220,750,2820,530,2,4518,,,,
20251230,01,1,,,,,,,,,,,,,,,,5,第4回ドラキリュウナイトカップ,一般,1800
20251230,01,2,,,,,,,,,,,,,,,,5,第4回ドラキリュウナイトカップ,一般,1800
20251230,01,3,,,,,,,,,,,,,,,,5,第4回ドラキリュウナイトカップ,一般,1800
20251230,01,4,,,,,,,,,,,,,,,,5,第4回ドラキリュウナイトカップ,一般,1800
20251230,01,5,,,,,,,,,,,,,,,,5,第4回ドラキリュウナイトカップ,一般,1800
20251230,01,6,,,,,,,,,,,,,,,,5,第4回ドラキリュウナイトカップ,ドラドキ目玉,1800
20251230,01,7,,,,,,,,,,,,,,,,5,第4回ドラキリュウナイトカップ,ドラドキ3,1800
20251230,01,8,,,,,,,,,,,,,,,,5,第4回ドラキリュウナイトカップ,一般,1800
20251230,01,9,,,,,,,,,,,,,,,,5,第4回ドラキリュウナイトカップ,準優勝戦,1800
20251230,01,10,,,,,,,,,,,,,,,,5,第4回ドラキリュウナイトカップ,準優勝戦,1800
20251230,01,11,,,,,,,,,,,,,,,,5,第4回ドラキリュウナイトカップ,準優勝戦,1800
20251230,01,12,,,,,,,,,,,,,,,,5,第4回ドラキリュウナイトカップ,一般特賞,1800
20251230,02,1,0.0,17.0,0.0,1.0,7.0,6.0,2.0,670,330,1130,420,3630,660,2,4569,5,第44回ゴールドカップ・デイリースポーツ杯,一般戦,1800
20251230,02,2,0.0,17.0,0.0,1.0,9.0,6.0,1.0,530,620,2140,1230,4110,860,1,5190,5,第44回ゴールドカップ・デイリースポーツ杯,一般戦,1800
20251230,02,3,,,,,,,,,,,,,,,,5,第44回ゴールドカップ・デイリースポーツ杯,一般戦,1800
20251230,02,4,,,,,,,,,,,,,,,,5,第44回ゴールドカップ・デイリースポーツ杯,一般戦,1800
20251230,02,5,,,,,,,,,,,,,,,,5,第44回ゴールドカップ・デイリースポーツ杯,一般戦,1800
20251230,02,6,,,,,,,,,,,,,,,,5,第44回ゴールドカップ・デイリースポーツ杯,一般戦,1800
20251230,02,7,,,,,,,,,,,,,,,,5,第44回ゴールドカップ・デイリースポーツ杯,一般戦,1800
20251230,02,8,,,,,,,,,,,,,,,,5,第44回ゴールドカップ・デイリースポーツ杯,一般戦,1800
20251230,02,9,,,,,,,,,,,,,,,,5,第44回ゴールドカップ・デイリースポーツ杯,戸田特賞,1800
20251230,02,10,,,,,,,,,,,,,,,,5,第44回ゴールドカップ・デイリースポーツ杯,戸田特賞,1800
20251230,02,11,,,,,,,,,,,,,,,,5,第44回ゴールドカップ・デイリースポーツ杯,準優勝戦,1800
20251230,02,12,,,,,,,,,,,,,,,,5,第44回ゴールドカップ・デイリースポーツ杯,準優勝戦,1800
20251230,04,1,0.0,17.0,3.0,1.0,10.0,12.0,1.0,170,300,510,500,1260,270,1,4229,5,BTS横浜開設18周年記念第1回ニッカン・コム杯,一般,1800
20251230,04,2,0.0,17.0,3.0,1.0,10.0,12.0,4.0,470,100,1020,290,4060,1280,4,3965,5,BTS横浜開設18周年記念第1回ニッカン・コム杯,一般,1800
20251230,04,3,,,,,,,,,,,,,,,,5,BTS横浜開設18周年記念第1回ニッカン・コム杯,一般,1800
20251230,04,4,,,,,,,,,,,,,,,,5,BTS横浜開設18周年記念第1回ニッカン・コム杯,一般,1800
20251230,04,5,,,,,,,,,,,,,,,,5,BTS横浜開設18周年記念第1回ニッカン・コム杯,一般,1800
20251230,04,6,,,,,,,,,,,,,,,,5,BTS横浜開設18周年記念第1回ニッカン・コム杯,一般,1800
20251230,04,7,,,,,,,,,,,,,,,,5,BTS横浜開設18周年記念第1回ニッカン・コム杯,一般,1800
20251230,04,8,,,,,,,,,,,,,,,,5,BTS横浜開設18周年記念第1回ニッカン・コム杯,一般,1800
20251230,04,9,,,,,,,,,,,,,,,,5,BTS横浜開設18周年記念第1回ニッカン・コム杯,一般特賞,1800
20251230,04,10,,,,,,,,,,,,,,,,5,BTS横浜開設18周年記念第1回ニッカン・コム杯,準優勝戦,1800
20251230,04,11,,,,,,,,,,,,,,,,5,BTS横浜開設18周年記念第1回ニッカン・コム杯,準優勝戦,1800
20251230,04,12,,,,,,,,,,,,,,,,5,BTS横浜開設18周年記念第1回ニッカン・コム杯,準優勝戦,1800
20251230,05,1,1.0,9.0,2.0,1.0,10.0,10.0,1.0,170,170,380,230,840,240,1,4093,5,第40回多摩川カップ,一般,1800
20251230,05,2,1.0,5.0,1.0,1.0,12.0,10.0,1.0,180,140,570,390,4610,1790,1,4200,5,第40回多摩川カップ,一般,1800
20251230,05,3,1.0,1.0,2.0,1.0,12.0,10.0,1.0,340,110,460,190,3570,1230,1,5246,5,第40回多摩川カップ,一般,1800
20251230,05,4,,,,,,,,,,,,,,,,5,第40回多摩川カップ,一般,1800
20251230,05,5,,,,,,,,,,,,,,,,5,第40回多摩川カップ,一般,1800
20251230,05,6,,,,,,,,,,,,,,,,5,第40回多摩川カップ,一般,1800
20251230,05,7,,,,,,,,,,,,,,,,5,第40回多摩川カップ,一般,1800
20251230,05,8,,,,,,,,,,,,,,,,5,第40回多摩川カップ,一般,1800
20251230,05,9,,,,,,,,,,,,,,,,5,第40回多摩川カップ,一般,1800
20251230,05,10,,,,,,,,,,,,,,,,5,第40回多摩川カップ,準優勝戦,1800
20251230,05,11,,,,,,,,,,,,,,,,5,第40回多摩川カップ,準優勝戦,1800
20251230,05,12,,,,,,,,,,,,,,,,5,第40回多摩川カップ,準優勝戦,1800
20251230,06,1,3.0,3.0,2.0,1.0,13.0,11.0,1.0,400,260,1020,480,6270,830,1,3294,5,静岡新聞社・静岡放送New Year’s Cup,予選,1800
20251230,06,2,2.0,3.0,1.0,1.0,12.0,11.0,1.0,190,330,550,330,1100,410,1,4740,5,静岡新聞社・静岡放送New Year’s Cup,予選,1800
20251230,06,3,2.0,3.0,1.0,1.0,12.0,11.0,5.0,540,360,3370,950,6800,950,6,4494,5,静岡新聞社・静岡放送New Year’s Cup,予選,1800
20251230,06,4,,,,,,,,,,,,,,,,5,静岡新聞社・静岡放送New Year’s Cup,予選,1800
20251230,06,5,,,,,,,,,,,,,,,,5,静岡新聞社・静岡放送New Year’s Cup,予選,1800
20251230,06,6,,,,,,,,,,,,,,,,5,静岡新聞社・静岡放送New Year’s Cup,ランチタイム戦,1800
20251230,06,7,,,,,,,,,,,,,,,,5,静岡新聞社・静岡放送New Year’s Cup,予選,1800
20251230,06,8,,,,,,,,,,,,,,,,5,静岡新聞社・静岡放送New Year’s Cup,予選,1800
20251230,06,9,,,,,,,,,,,,,,,,5,静岡新聞社・静岡放送New Year’s Cup,予選,1800
20251230,06,10,,,,,,,,,,,,,,,,5,静岡新聞社・静岡放送New Year’s Cup,ブレイクタイム,1800
20251230,06,11,,,,,,,,,,,,,,,,5,静岡新聞社・静岡放送New Year’s Cup,静岡新聞社特選,1800
20251230,06,12,,,,,,,,,,,,,,,,5,静岡新聞社・静岡放送New Year’s Cup,静岡放送DR,1800
20251230,07,1,,,,,,,,,,,,,,,,5,中日スポーツ杯争奪 新春特別覇者決定戦,予選,1800
20251230,07,2,,,,,,,,,,,,,,,,5,中日スポーツ杯争奪 新春特別覇者決定戦,予選,1800
20251230,07,3,,,,,,,,,,,,,,,,5,中日スポーツ杯争奪 新春特別覇者決定戦,予選,1800
20251230,07,4,,,,,,,,,,,,,,,,5,中日スポーツ杯争奪 新春特別覇者決定戦,予選,1800
20251230,07,5,,,,,,,,,,,,,,,,5,中日スポーツ杯争奪 新春特別覇者決定戦,予選,1800
20251230,07,6,,,,,,,,,,,,,,,,5,中日スポーツ杯争奪 新春特別覇者決定戦,予選,1800
20251230,07,7,,,,,,,,,,,,,,,,5,中日スポーツ杯争奪 新春特別覇者決定戦,予選,1800
20251230,07,8,,,,,,,,,,,,,,,,5,中日スポーツ杯争奪 新春特別覇者決定戦,予選,1800
20251230,07,9,,,,,,,,,,,,,,,,5,中日スポーツ杯争奪 新春特別覇者決定戦,予選,1800
20251230,07,10,,,,,,,,,,,,,,,,5,中日スポーツ杯争奪 新春特別覇者決定戦,予選,1800
20251230,07,11,,,,,,,,,,,,,,,,5,中日スポーツ杯争奪 新春特別覇者決定戦,予選特賞,1800
20251230,07,12,,,,,,,,,,,,,,,,5,中日スポーツ杯争奪 新春特別覇者決定戦,ドリーム戦,1800
20251230,08,1,1.0,13.0,1.0,1.0,10.0,10.0,1.0,120,330,210,250,1270,750,1,5002,5,2026新春特別競走,朝トコ小判R,1800
20251230,08,2,0.0,17.0,0.0,1.0,10.0,10.0,1.0,110,130,260,290,1150,980,1,4518,5,2026新春特別競走,予選,1800
20251230,08,3,1.0,9.0,0.0,1.0,11.0,10.0,1.0,290,320,3390,2040,7860,660,1,4435,5,2026新春特別競走,予選,1800
20251230,08,4,,,,,,,,,,,,,,,,5,2026新春特別競走,予選,1800
20251230,08,5,,,,,,,,,,,,,,,,5,2026新春特別競走,予選,1800
20251230,08,6,,,,,,,,,,,,,,,,5,2026新春特別競走,昼トコ小判R,1800
20251230,08,7,,,,,,,,,,,,,,,,5,2026新春特別競走,予選,1800
20251230,08,8,,,,,,,,,,,,,,,,5,2026新春特別競走,予選,1800
20251230,08,9,,,,,,,,,,,,,,,,5,2026新春特別競走,予選,1800
20251230,08,10,,,,,,,,,,,,,,,,5,2026新春特別競走,予選,1800
20251230,08,11,,,,,,,,,,,,,,,,5,2026新春特別競走,予選,1800
20251230,08,12,,,,,,,,,,,,,,,,5,2026新春特別競走,予選トコタン賞,1800
20251230,09,1,2.0,4.0,1.0,1.0,7.0,7.0,1.0,100,100,230,130,390,250,1,4579,5,伊勢新聞社新春レース,ツッキーレース,1800
20251230,09,2,1.0,4.0,1.0,1.0,8.0,7.0,1.0,170,160,330,360,870,230,1,3268,5,伊勢新聞社新春レース,予選,1800
20251230,09,3,,,,,,,,,,,,,,,,5,伊勢新聞社新春レース,予選,1800
20251230,09,4,,,,,,,,,,,,,,,,5,伊勢新聞社新春レース,予選,1800
20251230,09,5,,,,,,,,,,,,,,,,5,伊勢新聞社新春レース,5ールドレース,1800
20251230,09,6,,,,,,,,,,,,,,,,5,伊勢新聞社新春レース,予選,1800
20251230,09,7,,,,,,,,,,,,,,,,5,伊勢新聞社新春レース,予選,1800
20251230,09,8,,,,,,,,,,,,,,,,5,伊勢新聞社新春レース,予選,1800
20251230,09,9,,,,,,,,,,,,,,,,5,伊勢新聞社新春レース,予選,1800
20251230,09,10,,,,,,,,,,,,,,,,5,伊勢新聞社新春レース,予選,1800
20251230,09,11,,,,,,,,,,,,,,,,5,伊勢新聞社新春レース,新春特選,1800
20251230,09,12,,,,,,,,,,,,,,,,5,伊勢新聞社新春レース,三重選抜DR戦,1800
20251230,10,1,2.0,12.0,2.0,2.0,7.0,6.0,2.0,600,190,1730,360,4820,580,4,5185,5,第51回初夢賞,みくにあさイチ,1800
20251230,10,2,3.0,12.0,3.0,2.0,7.0,6.0,1.0,170,210,590,390,1020,220,1,4977,5,第51回初夢賞,みくにあさガチ,1800
20251230,10,3,5.0,12.0,5.0,2.0,8.0,6.0,1.0,110,110,180,140,630,310,1,3548,5,第51回初夢賞,みくにあさズバ,1800
20251230,10,4,5.0,12.0,5.0,2.0,8.0,6.0,1.0,130,180,240,140,520,290,1,4061,5,第51回初夢賞,みくにあさ推し,1800
20251230,10,5,4.0,12.0,4.0,1.0,8.0,6.0,1.0,130,160,350,290,3260,1950,1,4925,5,第51回初夢賞,予選,1800
20251230,10,6,5.0,12.0,5.0,1.0,9.0,6.0,3.0,760,140,1930,1130,4490,900,3,5185,5,第51回初夢賞,予選,1800
20251230,10,7,1.0,2.0,1.0,2.0,10.0,6.0,5.0,600,470,980,950,7680,2060,3,5091,5,第51回初夢賞,予選,1800
20251230,10,8,,,,,,,,,,,,,,,,5,第51回初夢賞,予選,1800
20251230,10,9,,,,,,,,,,,,,,,,5,第51回初夢賞,予選,1800
20251230,10,10,,,,,,,,,,,,,,,,5,第51回初夢賞,予選特賞,1800
20251230,10,11,,,,,,,,,,,,,,,,5,第51回初夢賞,記者特選,1800
20251230,10,12,,,,,,,,,,,,,,,,5,第51回初夢賞,ドリーム戦,1800
20251230,12,1,,,,,,,,,,,,,,,,5,BTSりんくう開設13周年記念住之江ファイナル競走,一般戦,1800
20251230,12,2,,,,,,,,,,,,,,,,5,BTSりんくう開設13周年記念住之江ファイナル競走,一般戦,1800
20251230,12,3,,,,,,,,,,,,,,,,5,BTSりんくう開設13周年記念住之江ファイナル競走,一般戦,1800
20251230,12,4,,,,,,,,,,,,,,,,5,BTSりんくう開設13周年記念住之江ファイナル競走,一般戦,1800
20251230,12,5,,,,,,,,,,,,,,,,5,BTSりんくう開設13周年記念住之江ファイナル競走,住之江ファイブ,1800
20251230,12,6,,,,,,,,,,,,,,,,5,BTSりんくう開設13周年記念住之江ファイナル競走,一般戦,1800
20251230,12,7,,,,,,,,,,,,,,,,5,BTSりんくう開設13周年記念住之江ファイナル競走,一般戦,1800
20251230,12,8,,,,,,,,,,,,,,,,5,BTSりんくう開設13周年記念住之江ファイナル競走,一般戦,1800
20251230,12,9,,,,,,,,,,,,,,,,5,BTSりんくう開設13周年記念住之江ファイナル競走,住之江選抜,1800
20251230,12,10,,,,,,,,,,,,,,,,5,BTSりんくう開設13周年記念住之江ファイナル競走,選抜戦,1800
20251230,12,11,,,,,,,,,,,,,,,,5,BTSりんくう開設13周年記念住之江ファイナル競走,選抜戦,1800
20251230,12,12,,,,,,,,,,,,,,,,5,BTSりんくう開設13周年記念住之江ファイナル競走,優勝戦,1800
20251230,13,1,2.0,12.0,0.0,1.0,13.6,7.8,4.0,270,130,600,180,1790,280,3,3918,5,日本MB選手会代表杯争奪歳忘れ今年もありがとう競走,朝からセンプル,1800
20251230,13,2,2.0,12.0,0.0,1.0,14.4,7.9,3.0,240,240,770,770,3030,1370,2,4639,5,日本MB選手会代表杯争奪歳忘れ今年もありがとう競走,一般,1800
20251230,13,3,2.0,12.0,0.0,1.0,14.1,7.8,1.0,170,210,4240,2890,11090,1540,1,4555,5,日本MB選手会代表杯争奪歳忘れ今年もありがとう競走,一般,1800
20251230,13,4,,,,,,,,,,,,,,,,5,日本MB選手会代表杯争奪歳忘れ今年もありがとう競走,一般,1800
20251230,13,5,,,,,,,,,,,,,,,,5,日本MB選手会代表杯争奪歳忘れ今年もありがとう競走,一般,1800
20251230,13,6,,,,,,,,,,,,,,,,5,日本MB選手会代表杯争奪歳忘れ今年もありがとう競走,昼どきピンクル,1800
20251230,13,7,,,,,,,,,,,,,,,,5,日本MB選手会代表杯争奪歳忘れ今年もありがとう競走,一般,1800
20251230,13,8,,,,,,,,,,,,,,,,5,日本MB選手会代表杯争奪歳忘れ今年もありがとう競走,一般,1800
20251230,13,9,,,,,,,,,,,,,,,,5,日本MB選手会代表杯争奪歳忘れ今年もありがとう競走,一般特選,1800
20251230,13,10,,,,,,,,,,,,,,,,5,日本MB選手会代表杯争奪歳忘れ今年もありがとう競走,選抜戦,1800
20251230,13,11,,,,,,,,,,,,,,,,5,日本MB選手会代表杯争奪歳忘れ今年もありがとう競走,選抜戦,1800
20251230,13,12,,,,,,,,,,,,,,,,5,日本MB選手会代表杯争奪歳忘れ今年もありがとう競走,優勝戦,1800
20251230,16,1,2.0,5.0,3.0,1.0,9.0,12.0,4.0,220,120,800,390,2840,950,3,4635,5,第52回岡山県モーターボート選手権大会,予選,1800
20251230,16,2,1.0,3.0,1.0,1.0,10.0,12.0,1.0,240,270,540,470,1460,540,1,4853,5,第52回岡山県モーターボート選手権大会,予選,1800
20251230,16,3,2.0,3.0,3.0,1.0,11.0,12.0,1.0,290,100,310,190,1280,330,1,4533,5,第52回岡山県モーターボート選手権大会,予選,1800
20251230,16,4,,,,,,,,,,,,,,,,5,第52回岡山県モーターボート選手権大会,予選,1800
20251230,16,5,,,,,,,,,,,,,,,,5,第52回岡山県モーターボート選手権大会,予選,1800
20251230,16,6,,,,,,,,,,,,,,,,5,第52回岡山県モーターボート選手権大会,予選,1800
20251230,16,7,,,,,,,,,,,,,,,,5,第52回岡山県モーターボート選手権大会,予選,1800
20251230,16,8,,,,,,,,,,,,,,,,5,第52回岡山県モーターボート選手権大会,予選,1800
20251230,16,9,,,,,,,,,,,,,,,,5,第52回岡山県モーターボート選手権大会,予選,1800
20251230,16,10,,,,,,,,,,,,,,,,5,第52回岡山県モーターボート選手権大会,予選,1800
20251230,16,11,,,,,,,,,,,,,,,,5,第52回岡山県モーターボート選手権大会,鷲羽選抜,1800
20251230,16,12,,,,,,,,,,,,,,,,5,第52回岡山県モーターボート選手権大会,くらしき選抜,1800
20251230,17,1,2.0,5.0,2.0,1.0,9.0,13.0,4.0,1220,120,1790,180,11150,1120,3,4271,5,第52回日刊スポーツ栄光楯新春広島ダービー,ファーストB,1800
20251230,17,2,2.0,7.0,2.0,2.0,9.0,13.0,2.0,180,380,660,410,1390,220,2,4798,5,第52回日刊スポーツ栄光楯新春広島ダービー,予選,1800
20251230,17,3,1.0,7.0,1.0,1.0,9.0,13.0,1.0,220,120,760,740,950,180,1,4111,5,第52回日刊スポーツ栄光楯新春広島ダービー,予選,1800
20251230,17,4,1.0,5.0,1.0,1.0,10.0,13.0,3.0,300,230,1680,280,6730,1610,3,4163,5,第52回日刊スポーツ栄光楯新春広島ダービー,予選,1800
20251230,17,5,,,,,,,,,,,,,,,,5,第52回日刊スポーツ栄光楯新春広島ダービー,予選,1800
20251230,17,6,,,,,,,,,,,,,,,,5,第52回日刊スポーツ栄光楯新春広島ダービー,ランチタイム,1800
20251230,17,7,,,,,,,,,,,,,,,,5,第52回日刊スポーツ栄光楯新春広島ダービー,予選,1800
20251230,17,8,,,,,,,,,,,,,,,,5,第52回日刊スポーツ栄光楯新春広島ダービー,予選,1800
20251230,17,9,,,,,,,,,,,,,,,,5,第52回日刊スポーツ栄光楯新春広島ダービー,予選,1800
20251230,17,10,,,,,,,,,,,,,,,,5,第52回日刊スポーツ栄光楯新春広島ダービー,予選,1800
20251230,17,11,,,,,,,,,,,,,,,,5,第52回日刊スポーツ栄光楯新春広島ダービー,特選,1800
20251230,17,12,,,,,,,,,,,,,,,,5,第52回日刊スポーツ栄光楯新春広島ダービー,ニッカンDR,1800
20251230,19,1,,,,,,,,,,,,,,,,5,下関市議会議長杯争奪クリスタルカップお正月特選,予選,1800
20251230,19,2,,,,,,,,,,,,,,,,5,下関市議会議長杯争奪クリスタルカップお正月特選,予選,1800
20251230,19,3,,,,,,,,,,,,,,,,5,下関市議会議長杯争奪クリスタルカップお正月特選,予選,1800
20251230,19,4,,,,,,,,,,,,,,,,5,下関市議会議長杯争奪クリスタルカップお正月特選,予選,1800
20251230,19,5,,,,,,,,,,,,,,,,5,下関市議会議長杯争奪クリスタルカップお正月特選,長州ファイブ,1800
20251230,19,6,,,,,,,,,,,,,,,,5,下関市議会議長杯争奪クリスタルカップお正月特選,予選,1800
20251230,19,7,,,,,,,,,,,,,,,,5,下関市議会議長杯争奪クリスタルカップお正月特選,ふく〜る戦,1800
20251230,19,8,,,,,,,,,,,,,,,,5,下関市議会議長杯争奪クリスタルカップお正月特選,予選,1800
20251230,19,9,,,,,,,,,,,,,,,,5,下関市議会議長杯争奪クリスタルカップお正月特選,予選,1800
20251230,19,10,,,,,,,,,,,,,,,,5,下関市議会議長杯争奪クリスタルカップお正月特選,予選,1800
20251230,19,11,,,,,,,,,,,,,,,,5,下関市議会議長杯争奪クリスタルカップお正月特選,予選特選,1800
20251230,19,12,,,,,,,,,,,,,,,,5,下関市議会議長杯争奪クリスタルカップお正月特選,お正月特選,1800
20251230,21,1,1.0,1.0,1.0,1.0,9.0,8.0,1.0,150,220,430,310,960,350,1,4189,5,日刊スポーツ杯争奪福岡県内選手権大会,サンライズV戦,1800
20251230,21,2,2.0,7.0,2.0,1.0,12.0,8.0,1.0,140,130,520,310,1980,1200,1,4122,5,日刊スポーツ杯争奪福岡県内選手権大会,サンライズW戦,1800
20251230,21,3,2.0,7.0,2.0,1.0,13.0,8.0,1.0,160,110,220,170,580,240,1,4363,5,日刊スポーツ杯争奪福岡県内選手権大会,サンライズX戦,1800
20251230,21,4,4.0,9.0,4.0,1.0,14.0,8.0,1.0,120,120,270,200,570,220,1,4296,5,日刊スポーツ杯争奪福岡県内選手権大会,サンライズY戦,1800
20251230,21,5,3.0,9.0,3.0,1.0,12.0,8.0,2.0,710,150,1420,260,4850,280,2,5158,5,日刊スポーツ杯争奪福岡県内選手権大会,サンライズZ戦,1800
20251230,21,6,3.0,9.0,3.0,1.0,13.0,8.0,6.0,560,210,2110,640,5620,470,6,4831,5,日刊スポーツ杯争奪福岡県内選手権大会,予選,1800
20251230,21,7,3.0,11.0,3.0,1.0,13.0,8.0,4.0,2700,760,4800,1140,9690,480,5,4864,5,日刊スポーツ杯争奪福岡県内選手権大会,予選,1800
20251230,21,8,,,,,,,,,,,,,,,,5,日刊スポーツ杯争奪福岡県内選手権大会,予選,1800
20251230,21,9,,,,,,,,,,,,,,,,5,日刊スポーツ杯争奪福岡県内選手権大会,予選,1800
20251230,21,10,,,,,,,,,,,,,,,,5,日刊スポーツ杯争奪福岡県内選手権大会,予選,1800
20251230,21,11,,,,,,,,,,,,,,,,5,日刊スポーツ杯争奪福岡県内選手権大会,予選特選,1800
20251230,21,12,,,,,,,,,,,,,,,,5,日刊スポーツ杯争奪福岡県内選手権大会,あしや特選,1800
20251230,22,1,3.0,10.0,3.0,1.0,12.0,13.0,1.0,150,210,300,270,900,350,1,4822,5,歳末特選・福岡観光コンベンションビューロー杯,カタメン1一般,1800
20251230,22,2,4.0,10.0,4.0,1.0,12.0,13.0,3.0,560,320,13040,7230,59790,6320,2,4525,5,歳末特選・福岡観光コンベンションビューロー杯,一般戦,1800
20251230,22,3,,,,,,,,,,,,,,,,5,歳末特選・福岡観光コンベンションビューロー杯,カタメン3一般,1800
20251230,22,4,,,,,,,,,,,,,,,,5,歳末特選・福岡観光コンベンションビューロー杯,一般戦,1800
20251230,22,5,,,,,,,,,,,,,,,,5,歳末特選・福岡観光コンベンションビューロー杯,一般戦,1800
20251230,22,6,,,,,,,,,,,,,,,,5,歳末特選・福岡観光コンベンションビューロー杯,一般戦,1800
20251230,22,7,,,,,,,,,,,,,,,,5,歳末特選・福岡観光コンベンションビューロー杯,一般戦,1800
20251230,22,8,,,,,,,,,,,,,,,,5,歳末特選・福岡観光コンベンションビューロー杯,一般戦,1800
20251230,22,9,,,,,,,,,,,,,,,,5,歳末特選・福岡観光コンベンションビューロー杯,ペラ坊特選,1800
20251230,22,10,,,,,,,,,,,,,,,,5,歳末特選・福岡観光コンベンションビューロー杯,選抜戦,1800
20251230,22,11,,,,,,,,,,,,,,,,5,歳末特選・福岡観光コンベンションビューロー杯,選抜戦,1800
20251230,22,12,,,,,,,,,,,,,,,,5,歳末特選・福岡観光コンベンションビューロー杯,優勝戦,1800
20251230,23,1,0.0,17.0,1.0,2.0,8.0,8.0,1.0,100,210,180,150,660,460,1,4445,5,第66回佐賀県選手権 唐津ぴ〜ぷる杯,朝1戦,1800
20251230,23,2,1.0,12.0,1.0,2.0,9.0,8.0,1.0,110,100,130,140,840,600,1,5084,5,第66回佐賀県選手権 唐津ぴ〜ぷる杯,モー2ング戦,1800
20251230,23,3,0.0,17.0,1.0,1.0,11.0,8.0,1.0,100,150,140,140,450,170,1,3623,5,第66回佐賀県選手権 唐津ぴ〜ぷる杯,3ライズ戦,1800
20251230,23,4,2.0,4.0,2.0,1.0,13.0,8.0,1.0,1600,230,1830,1020,3750,460,1,3508,5,第66回佐賀県選手権 唐津ぴ〜ぷる杯,おは4戦,1800
20251230,23,5,3.0,4.0,3.0,1.0,13.0,8.0,1.0,180,140,320,150,1040,400,1,4515,5,第66回佐賀県選手権 唐津ぴ〜ぷる杯,レッツ5戦,1800
20251230,23,6,3.0,4.0,3.0,1.0,13.0,8.0,3.0,100,120,270,220,670,300,2,4072,5,第66回佐賀県選手権 唐津ぴ〜ぷる杯,予選,1800
20251230,23,7,5.0,4.0,5.0,1.0,14.0,8.0,3.0,130,590,2100,3060,9660,2450,4,4503,5,第66回佐賀県選手権 唐津ぴ〜ぷる杯,予選,1800
20251230,23,8,,,,,,,,,,,,,,,,5,第66回佐賀県選手権 唐津ぴ〜ぷる杯,8っぴータイム,1800
20251230,23,9,,,,,,,,,,,,,,,,5,第66回佐賀県選手権 唐津ぴ〜ぷる杯,予選,1800
20251230,23,10,,,,,,,,,,,,,,,,5,第66回佐賀県選手権 唐津ぴ〜ぷる杯,予選特賞,1800
20251230,23,11,,,,,,,,,,,,,,,,5,第66回佐賀県選手権 唐津ぴ〜ぷる杯,宝当特選,1800
20251230,23,12,,,,,,,,,,,,,,,,5,第66回佐賀県選手権 唐津ぴ〜ぷる杯,からっキー選抜,1800
20251230,24,1,,,,,,,,,,,,,,,,2,第14回クイーンズクライマックス/G3QCシリーズ,S戦一般戦,1800
20251230,24,2,,,,,,,,,,,,,,,,2,第14回クイーンズクライマックス/G3QCシリーズ,S戦一般戦,1800
20251230,24,3,,,,,,,,,,,,,,,,2,第14回クイーンズクライマックス/G3QCシリーズ,S戦一般戦,1800
20251230,24,4,,,,,,,,,,,,,,,,2,第14回クイーンズクライマックス/G3QCシリーズ,S戦一般戦,1800
20251230,24,5,,,,,,,,,,,,,,,,2,第14回クイーンズクライマックス/G3QCシリーズ,S戦一般戦,1800
20251230,24,6,,,,,,,,,,,,,,,,2,第14回クイーンズクライマックス/G3QCシリーズ,S戦一般戦,1800
20251230,24,7,,,,,,,,,,,,,,,,2,第14回クイーンズクライマックス/G3QCシリーズ,S戦一般戦,1800
20251230,24,8,,,,,,,,,,,,,,,,2,第14回クイーンズクライマックス/G3QCシリーズ,S戦準優勝戦,1800
20251230,24,9,,,,,,,,,,,,,,,,2,第14回クイーンズクライマックス/G3QCシリーズ,S戦準優勝戦,1800
20251230,24,10,,,,,,,,,,,,,,,,2,第14回クイーンズクライマックス/G3QCシリーズ,S戦準優勝戦,1800
20251230,24,11,,,,,,,,,,,,,,,,2,第14回クイーンズクライマックス/G3QCシリーズ,トライアル,1800
20251230,24,12,,,,,,,,,,,,,,,,2,第14回クイーンズクライマックス/G3QCシリーズ,トライアル,1800
